<?xml version="1.0" encoding="UTF-8"?>
<beans xmlns="http://www.springframework.org/schema/beans"
	xmlns:xsi="http://www.w3.org/2001/XMLSchema-instance" xmlns:aop="http://www.springframework.org/schema/aop"
	xmlns:tx="http://www.springframework.org/schema/tx" xmlns:p="http://www.springframework.org/schema/p"
	xsi:schemaLocation="
    http://www.springframework.org/schema/beans  
    http://www.springframework.org/schema/beans/spring-beans.xsd  
    http://www.springframework.org/schema/tx  
    http://www.springframework.org/schema/tx/spring-tx.xsd  
    http://www.springframework.org/schema/aop  
    http://www.springframework.org/schema/aop/spring-aop.xsd">
	<!-- 配置事物管理器 -->
	<bean id="transactionManager"
		class="org.springframework.jdbc.datasource.DataSourceTransactionManager">
		<property name="dataSource" ref="dataSource" />
	</bean>
	<!-- aop应用事务管理 -->
	<tx:advice id="txAdvice" transaction-manager="transactionManager">
		<tx:attributes>
			<tx:method name="find*" read-only="true" />
			<tx:method name="get*" read-only="true" />
			<tx:method name="select*" read-only="true" />
			<tx:method name="search*" read-only="true" />
			<tx:method name="query*" read-only="true" />
			<tx:method name="*" propagation="REQUIRED" />
		</tx:attributes>
	</tx:advice>
	<aop:config>
		<aop:pointcut expression="execution(* cn.itsource.aigou.service..*.*(..))"
			id="servicePointcut" />
		<aop:advisor advice-ref="txAdvice" pointcut-ref="servicePointcut" />
	</aop:config>
	
</beans>