<?xml version="1.0" encoding="UTF-8"?>
<beans xmlns="http://www.springframework.org/schema/beans"
	xmlns:context="http://www.springframework.org/schema/context"
	xmlns:xsi="http://www.w3.org/2001/XMLSchema-instance"
	xsi:schemaLocation="  
    http://www.springframework.org/schema/context  
    http://www.springframework.org/schema/context/spring-context.xsd  
    http://www.springframework.org/schema/beans  
    http://www.springframework.org/schema/beans/spring-beans.xsd">

	<!-- 配置属性资源文件 -->
	<context:property-placeholder location="classpath:jdbc.properties" />

	<!-- 配置连接池 -->
	<bean id="dataSource" class="org.apache.commons.dbcp.BasicDataSource">
		<property name="username" value="${jdbc.username}"></property>
		<property name="password" value="${jdbc.password}"></property>
		<property name="url" value="${jdbc.url}"></property>
		<property name="driverClassName" value="${jdbc.driverClassName}"></property>
	</bean>
</beans>