<?xml version="1.0" encoding="UTF-8"?>
<beans xmlns="http://www.springframework.org/schema/beans"
	xmlns:xsi="http://www.w3.org/2001/XMLSchema-instance" 
	xmlns:dubbo="http://code.alibabatech.com/schema/dubbo"
	xsi:schemaLocation="  
    http://www.springframework.org/schema/beans  
    http://www.springframework.org/schema/beans/spring-beans.xsd  
    http://code.alibabatech.com/schema/dubbo 
    http://code.alibabatech.com/schema/dubbo/dubbo.xsd">
	
	<dubbo:provider timeout="10000"></dubbo:provider>
	<dubbo:consumer check="false"></dubbo:consumer>
	<!-- <dubbo:registry address="multicast://239.5.6.16:1240" check="false"></dubbo:registry> -->
	<dubbo:registry address="zookeeper://127.0.0.1:2181" check="false"></dubbo:registry>
	<!-- <dubbo:monitor protocol="registry"/> -->
	<dubbo:annotation package="cn.itsource.aigou.facade.impl,cn.itsource.aigou.service.impl" />
</beans>