<?xml version="1.0" encoding="UTF-8"?>
<!DOCTYPE mapper PUBLIC "-//mybatis.org//DTD Mapper 3.0//EN" "http://mybatis.org/dtd/mybatis-3-mapper.dtd">
<mapper namespace="cn.itsource.aigou.core.mapper.AdAreaMapper">
  <resultMap id="BaseResultMap" type="cn.itsource.aigou.core.domain.AdArea">
    <id column="id" jdbcType="BIGINT" property="id" />
    <result column="createTime" jdbcType="BIGINT" property="createTime" />
    <result column="updateTime" jdbcType="BIGINT" property="updateTime" />
    <result column="code" jdbcType="VARCHAR" property="code" />
    <result column="name" jdbcType="VARCHAR" property="name" />
    <result column="pic" jdbcType="VARCHAR" property="pic" />
    <result column="url" jdbcType="VARCHAR" property="url" />
    <result column="background" jdbcType="VARCHAR" property="background" />
    <result column="sortIndex" jdbcType="INTEGER" property="sortIndex" />
    <result column="description" jdbcType="VARCHAR" property="description" />
  </resultMap>
  <sql id="Base_Column_List">
    id, createTime, updateTime, code, name, pic, url, background, sortIndex, description
  </sql>
  <select id="get" parameterType="java.lang.Long" resultMap="BaseResultMap">
    select 
    <include refid="Base_Column_List" />
    from t_ad_area
    where id = #{id,jdbcType=BIGINT}
  </select>
  <delete id="delete" parameterType="java.lang.Long">
    delete from t_ad_area
    where id = #{id,jdbcType=BIGINT}
  </delete>
  <insert id="save" parameterType="cn.itsource.aigou.core.domain.AdArea">
    <selectKey keyProperty="id" order="AFTER" resultType="java.lang.Long">
      SELECT LAST_INSERT_ID()
    </selectKey>
    insert into t_ad_area (createTime, updateTime, code, 
      name, pic, url, background, 
      sortIndex, description)
    values (#{createTime,jdbcType=BIGINT}, #{updateTime,jdbcType=BIGINT}, #{code,jdbcType=VARCHAR}, 
      #{name,jdbcType=VARCHAR}, #{pic,jdbcType=VARCHAR}, #{url,jdbcType=VARCHAR}, #{background,jdbcType=VARCHAR}, 
      #{sortIndex,jdbcType=INTEGER}, #{description,jdbcType=VARCHAR})
  </insert>
  <insert id="savePart" parameterType="cn.itsource.aigou.core.domain.AdArea">
    <selectKey keyProperty="id" order="AFTER" resultType="java.lang.Long">
      SELECT LAST_INSERT_ID()
    </selectKey>
    insert into t_ad_area
    <trim prefix="(" suffix=")" suffixOverrides=",">
      <if test="createTime != null">
        createTime,
      </if>
      <if test="updateTime != null">
        updateTime,
      </if>
      <if test="code != null">
        code,
      </if>
      <if test="name != null">
        name,
      </if>
      <if test="pic != null">
        pic,
      </if>
      <if test="url != null">
        url,
      </if>
      <if test="background != null">
        background,
      </if>
      <if test="sortIndex != null">
        sortIndex,
      </if>
      <if test="description != null">
        description,
      </if>
    </trim>
    <trim prefix="values (" suffix=")" suffixOverrides=",">
      <if test="createTime != null">
        #{createTime,jdbcType=BIGINT},
      </if>
      <if test="updateTime != null">
        #{updateTime,jdbcType=BIGINT},
      </if>
      <if test="code != null">
        #{code,jdbcType=VARCHAR},
      </if>
      <if test="name != null">
        #{name,jdbcType=VARCHAR},
      </if>
      <if test="pic != null">
        #{pic,jdbcType=VARCHAR},
      </if>
      <if test="url != null">
        #{url,jdbcType=VARCHAR},
      </if>
      <if test="background != null">
        #{background,jdbcType=VARCHAR},
      </if>
      <if test="sortIndex != null">
        #{sortIndex,jdbcType=INTEGER},
      </if>
      <if test="description != null">
        #{description,jdbcType=VARCHAR},
      </if>
    </trim>
  </insert>
  <update id="updatePart" parameterType="cn.itsource.aigou.core.domain.AdArea">
    update t_ad_area
    <set>
      <if test="createTime != null">
        createTime = #{createTime,jdbcType=BIGINT},
      </if>
      <if test="updateTime != null">
        updateTime = #{updateTime,jdbcType=BIGINT},
      </if>
      <if test="code != null">
        code = #{code,jdbcType=VARCHAR},
      </if>
      <if test="name != null">
        name = #{name,jdbcType=VARCHAR},
      </if>
      <if test="pic != null">
        pic = #{pic,jdbcType=VARCHAR},
      </if>
      <if test="url != null">
        url = #{url,jdbcType=VARCHAR},
      </if>
      <if test="background != null">
        background = #{background,jdbcType=VARCHAR},
      </if>
      <if test="sortIndex != null">
        sortIndex = #{sortIndex,jdbcType=INTEGER},
      </if>
      <if test="description != null">
        description = #{description,jdbcType=VARCHAR},
      </if>
    </set>
    where id = #{id,jdbcType=BIGINT}
  </update>
  <update id="update" parameterType="cn.itsource.aigou.core.domain.AdArea">
    update t_ad_area
    set createTime = #{createTime,jdbcType=BIGINT},
      updateTime = #{updateTime,jdbcType=BIGINT},
      code = #{code,jdbcType=VARCHAR},
      name = #{name,jdbcType=VARCHAR},
      pic = #{pic,jdbcType=VARCHAR},
      url = #{url,jdbcType=VARCHAR},
      background = #{background,jdbcType=VARCHAR},
      sortIndex = #{sortIndex,jdbcType=INTEGER},
      description = #{description,jdbcType=VARCHAR}
    where id = #{id,jdbcType=BIGINT}
  </update>
</mapper>