<?xml version="1.0" encoding="UTF-8"?>
<!DOCTYPE mapper PUBLIC "-//mybatis.org//DTD Mapper 3.0//EN" "http://mybatis.org/dtd/mybatis-3-mapper.dtd">
<mapper namespace="cn.itsource.aigou.core.mapper.BrandMapper">
  <resultMap id="BaseResultMap" type="cn.itsource.aigou.core.domain.Brand">
    <id column="id" jdbcType="BIGINT" property="id" />
    <result column="createTime" jdbcType="BIGINT" property="createTime" />
    <result column="updateTime" jdbcType="BIGINT" property="updateTime" />
    <result column="name" jdbcType="VARCHAR" property="name" />
    <result column="englishName" jdbcType="VARCHAR" property="englishName" />
    <result column="firstLetter" jdbcType="CHAR" property="firstLetter" />
    <result column="description" jdbcType="VARCHAR" property="description" />
    <result column="sortIndex" jdbcType="INTEGER" property="sortIndex" />
    <result column="logo" jdbcType="VARCHAR" property="logo" />
    <association property="productType" column="productType" javaType="cn.itsource.aigou.core.domain.ProductType">
    	<id column="tid" property="id"/>
    	<result column="tname" property="name"/>
    </association>
  </resultMap>
  <sql id="Base_Column_List">
    tb.*,tpt.id tid,tpt.name tname
  </sql>
  <select id="get" parameterType="java.lang.Long" resultMap="BaseResultMap">
    select 
    <include refid="Base_Column_List" />
    from t_brand tb left join t_product_type tpt on tpt.id = tb.productType 
    where tb.id = #{id,jdbcType=BIGINT}
  </select>
  <delete id="delete" parameterType="java.lang.Long">
    delete from t_brand
    where id = #{id,jdbcType=BIGINT}
  </delete>
  <insert id="save" parameterType="cn.itsource.aigou.core.domain.Brand">
    <selectKey keyProperty="id" order="AFTER" resultType="java.lang.Long">
      SELECT LAST_INSERT_ID()
    </selectKey>
    insert into t_brand (createTime, updateTime, name, 
      englishName, firstLetter, description, 
      productType, sortIndex, logo
      )
    values (#{createTime,jdbcType=BIGINT}, #{updateTime,jdbcType=BIGINT}, #{name,jdbcType=VARCHAR}, 
      #{englishName,jdbcType=VARCHAR}, #{firstLetter,jdbcType=CHAR}, #{description,jdbcType=VARCHAR}, 
      #{productType.id,jdbcType=BIGINT}, #{sortIndex,jdbcType=INTEGER}, #{logo,jdbcType=VARCHAR}
      )
  </insert>
  <insert id="savePart" parameterType="cn.itsource.aigou.core.domain.Brand">
    <selectKey keyProperty="id" order="AFTER" resultType="java.lang.Long">
      SELECT LAST_INSERT_ID()
    </selectKey>
    insert into t_brand
    <trim prefix="(" suffix=")" suffixOverrides=",">
      <if test="createTime != null">
        createTime,
      </if>
      <if test="updateTime != null">
        updateTime,
      </if>
      <if test="name != null">
        name,
      </if>
      <if test="englishName != null">
        englishName,
      </if>
      <if test="firstLetter != null">
        firstLetter,
      </if>
      <if test="description != null">
        description,
      </if>
      <if test="productType != null">
        productType,
      </if>
      <if test="sortIndex != null">
        sortIndex,
      </if>
      <if test="logo != null">
        logo,
      </if>
    </trim>
    <trim prefix="values (" suffix=")" suffixOverrides=",">
      <if test="createTime != null">
        #{createTime,jdbcType=BIGINT},
      </if>
      <if test="updateTime != null">
        #{updateTime,jdbcType=BIGINT},
      </if>
      <if test="name != null">
        #{name,jdbcType=VARCHAR},
      </if>
      <if test="englishName != null">
        #{englishName,jdbcType=VARCHAR},
      </if>
      <if test="firstLetter != null">
        #{firstLetter,jdbcType=CHAR},
      </if>
      <if test="description != null">
        #{description,jdbcType=VARCHAR},
      </if>
      <if test="productType != null">
        #{productType.id,jdbcType=BIGINT},
      </if>
      <if test="sortIndex != null">
        #{sortIndex,jdbcType=INTEGER},
      </if>
      <if test="logo != null">
        #{logo,jdbcType=VARCHAR},
      </if>
    </trim>
  </insert>
  <update id="updatePart" parameterType="cn.itsource.aigou.core.domain.Brand">
    update t_brand
    <set>
      <if test="createTime != null">
        createTime = #{createTime,jdbcType=BIGINT},
      </if>
      <if test="updateTime != null">
        updateTime = #{updateTime,jdbcType=BIGINT},
      </if>
      <if test="name != null">
        name = #{name,jdbcType=VARCHAR},
      </if>
      <if test="englishName != null">
        englishName = #{englishName,jdbcType=VARCHAR},
      </if>
      <if test="firstLetter != null">
        firstLetter = #{firstLetter,jdbcType=CHAR},
      </if>
      <if test="description != null">
        description = #{description,jdbcType=VARCHAR},
      </if>
      <if test="productType != null">
        productType = #{productType.id,jdbcType=BIGINT},
      </if>
      <if test="sortIndex != null">
        sortIndex = #{sortIndex,jdbcType=INTEGER},
      </if>
      <if test="logo != null">
        logo = #{logo,jdbcType=VARCHAR},
      </if>
    </set>
    where id = #{id,jdbcType=BIGINT}
  </update>
  <update id="update" parameterType="cn.itsource.aigou.core.domain.Brand">
    update t_brand
    set createTime = #{createTime,jdbcType=BIGINT},
      updateTime = #{updateTime,jdbcType=BIGINT},
      name = #{name,jdbcType=VARCHAR},
      englishName = #{englishName,jdbcType=VARCHAR},
      firstLetter = #{firstLetter,jdbcType=CHAR},
      description = #{description,jdbcType=VARCHAR},
      productType = #{productType.id,jdbcType=BIGINT},
      sortIndex = #{sortIndex,jdbcType=INTEGER},
      logo = #{logo,jdbcType=VARCHAR}
    where id = #{id,jdbcType=BIGINT}
  </update>
  
   <sql id="whereSql">
  	<where>
		<if test="productType!=null">and tb.productType=#{productType}</if>
		<if test="keyword!=null and keyword!=''">and (tb.name like CONCAT('%',#{keyword},'%') or tb.englishName like CONCAT(#{keyword},'%'))</if>
	</where>
  </sql>
  
  <select id="queryTotal" parameterType="cn.itsource.aigou.core.query.BaseQuery" resultType="int">
  	select count(0) from t_brand tb left join t_product_type tpt on tpt.id = tb.productType 
  	<include refid="whereSql" />
  </select>
  
  <select id="query" parameterType="cn.itsource.aigou.core.query.BaseQuery" resultMap="BaseResultMap">
  	select 
  	<include refid="Base_Column_List" />
  	 from t_brand tb left join t_product_type tpt on tpt.id = tb.productType  
  	<include refid="whereSql" /> 
  	limit #{start},#{rows}
  </select>
  
  <select id="getBrandsByProductType" parameterType="java.lang.Long" resultType="cn.itsource.aigou.core.domain.Brand">
  	select * from t_brand where productType in(select id from t_product_type where path like CONCAT('%',#{productType},'%'))
  </select>
</mapper>