<?xml version="1.0" encoding="UTF-8"?>
<!DOCTYPE mapper PUBLIC "-//mybatis.org//DTD Mapper 3.0//EN" "http://mybatis.org/dtd/mybatis-3-mapper.dtd">
<mapper namespace="cn.itsource.aigou.core.mapper.CmsMapper">
  <resultMap id="BaseResultMap" type="cn.itsource.aigou.core.domain.Cms">
    <id column="id" jdbcType="BIGINT" property="id" />
    <result column="createTime" jdbcType="BIGINT" property="createTime" />
    <result column="updateTime" jdbcType="BIGINT" property="updateTime" />
    <result column="typeId" jdbcType="BIGINT" property="typeId" />
    <result column="title" jdbcType="VARCHAR" property="title" />
    <result column="sortIndex" jdbcType="TINYINT" property="sortIndex" />
    <result column="viewCount" jdbcType="INTEGER" property="viewCount" />
  </resultMap>
  <resultMap extends="BaseResultMap" id="ResultMapWithBLOBs" type="cn.itsource.aigou.core.domain.Cms">
    <result column="content" jdbcType="LONGVARCHAR" property="content" />
  </resultMap>
  <sql id="Base_Column_List">
    id, createTime, updateTime, typeId, title, sortIndex, viewCount
  </sql>
  <sql id="Blob_Column_List">
    content
  </sql>
  <select id="get" parameterType="java.lang.Long" resultMap="ResultMapWithBLOBs">
    select 
    <include refid="Base_Column_List" />
    ,
    <include refid="Blob_Column_List" />
    from t_cms
    where id = #{id,jdbcType=BIGINT}
  </select>
  <delete id="delete" parameterType="java.lang.Long">
    delete from t_cms
    where id = #{id,jdbcType=BIGINT}
  </delete>
  <insert id="save" parameterType="cn.itsource.aigou.core.domain.Cms">
    <selectKey keyProperty="id" order="AFTER" resultType="java.lang.Long">
      SELECT LAST_INSERT_ID()
    </selectKey>
    insert into t_cms (createTime, updateTime, typeId, 
      title, sortIndex, viewCount, 
      content)
    values (#{createTime,jdbcType=BIGINT}, #{updateTime,jdbcType=BIGINT}, #{typeId,jdbcType=BIGINT}, 
      #{title,jdbcType=VARCHAR}, #{sortIndex,jdbcType=TINYINT}, #{viewCount,jdbcType=INTEGER}, 
      #{content,jdbcType=LONGVARCHAR})
  </insert>
  <insert id="savePart" parameterType="cn.itsource.aigou.core.domain.Cms">
    <selectKey keyProperty="id" order="AFTER" resultType="java.lang.Long">
      SELECT LAST_INSERT_ID()
    </selectKey>
    insert into t_cms
    <trim prefix="(" suffix=")" suffixOverrides=",">
      <if test="createTime != null">
        createTime,
      </if>
      <if test="updateTime != null">
        updateTime,
      </if>
      <if test="typeId != null">
        typeId,
      </if>
      <if test="title != null">
        title,
      </if>
      <if test="sortIndex != null">
        sortIndex,
      </if>
      <if test="viewCount != null">
        viewCount,
      </if>
      <if test="content != null">
        content,
      </if>
    </trim>
    <trim prefix="values (" suffix=")" suffixOverrides=",">
      <if test="createTime != null">
        #{createTime,jdbcType=BIGINT},
      </if>
      <if test="updateTime != null">
        #{updateTime,jdbcType=BIGINT},
      </if>
      <if test="typeId != null">
        #{typeId,jdbcType=BIGINT},
      </if>
      <if test="title != null">
        #{title,jdbcType=VARCHAR},
      </if>
      <if test="sortIndex != null">
        #{sortIndex,jdbcType=TINYINT},
      </if>
      <if test="viewCount != null">
        #{viewCount,jdbcType=INTEGER},
      </if>
      <if test="content != null">
        #{content,jdbcType=LONGVARCHAR},
      </if>
    </trim>
  </insert>
  <update id="updatePart" parameterType="cn.itsource.aigou.core.domain.Cms">
    update t_cms
    <set>
      <if test="createTime != null">
        createTime = #{createTime,jdbcType=BIGINT},
      </if>
      <if test="updateTime != null">
        updateTime = #{updateTime,jdbcType=BIGINT},
      </if>
      <if test="typeId != null">
        typeId = #{typeId,jdbcType=BIGINT},
      </if>
      <if test="title != null">
        title = #{title,jdbcType=VARCHAR},
      </if>
      <if test="sortIndex != null">
        sortIndex = #{sortIndex,jdbcType=TINYINT},
      </if>
      <if test="viewCount != null">
        viewCount = #{viewCount,jdbcType=INTEGER},
      </if>
      <if test="content != null">
        content = #{content,jdbcType=LONGVARCHAR},
      </if>
    </set>
    where id = #{id,jdbcType=BIGINT}
  </update>
  <update id="updateByPrimaryKeyWithBLOBs" parameterType="cn.itsource.aigou.core.domain.Cms">
    update t_cms
    set createTime = #{createTime,jdbcType=BIGINT},
      updateTime = #{updateTime,jdbcType=BIGINT},
      typeId = #{typeId,jdbcType=BIGINT},
      title = #{title,jdbcType=VARCHAR},
      sortIndex = #{sortIndex,jdbcType=TINYINT},
      viewCount = #{viewCount,jdbcType=INTEGER},
      content = #{content,jdbcType=LONGVARCHAR}
    where id = #{id,jdbcType=BIGINT}
  </update>
  <update id="update" parameterType="cn.itsource.aigou.core.domain.Cms">
    update t_cms
    set createTime = #{createTime,jdbcType=BIGINT},
      updateTime = #{updateTime,jdbcType=BIGINT},
      typeId = #{typeId,jdbcType=BIGINT},
      title = #{title,jdbcType=VARCHAR},
      sortIndex = #{sortIndex,jdbcType=TINYINT},
      viewCount = #{viewCount,jdbcType=INTEGER}
    where id = #{id,jdbcType=BIGINT}
  </update>
</mapper>