<?xml version="1.0" encoding="UTF-8"?>
<!DOCTYPE mapper PUBLIC "-//mybatis.org//DTD Mapper 3.0//EN" "http://mybatis.org/dtd/mybatis-3-mapper.dtd">
<mapper namespace="cn.itsource.aigou.core.mapper.EmployeeRoleMapper">
  <resultMap id="BaseResultMap" type="cn.itsource.aigou.core.domain.EmployeeRole">
    <id column="id" jdbcType="BIGINT" property="id" />
    <result column="createTime" jdbcType="BIGINT" property="createTime" />
    <result column="updateTime" jdbcType="BIGINT" property="updateTime" />
    <result column="employeeId" jdbcType="BIGINT" property="employeeId" />
    <result column="roleId" jdbcType="BIGINT" property="roleId" />
  </resultMap>
  <sql id="Base_Column_List">
    id, createTime, updateTime, employeeId, roleId
  </sql>
  <select id="get" parameterType="java.lang.Long" resultMap="BaseResultMap">
    select 
    <include refid="Base_Column_List" />
    from t_employee_role
    where id = #{id,jdbcType=BIGINT}
  </select>
  <delete id="delete" parameterType="java.lang.Long">
    delete from t_employee_role
    where id = #{id,jdbcType=BIGINT}
  </delete>
  <insert id="save" parameterType="cn.itsource.aigou.core.domain.EmployeeRole">
    <selectKey keyProperty="id" order="AFTER" resultType="java.lang.Long">
      SELECT LAST_INSERT_ID()
    </selectKey>
    insert into t_employee_role (createTime, updateTime, employeeId, 
      roleId)
    values (#{createTime,jdbcType=BIGINT}, #{updateTime,jdbcType=BIGINT}, #{employeeId,jdbcType=BIGINT}, 
      #{roleId,jdbcType=BIGINT})
  </insert>
  <insert id="savePart" parameterType="cn.itsource.aigou.core.domain.EmployeeRole">
    <selectKey keyProperty="id" order="AFTER" resultType="java.lang.Long">
      SELECT LAST_INSERT_ID()
    </selectKey>
    insert into t_employee_role
    <trim prefix="(" suffix=")" suffixOverrides=",">
      <if test="createTime != null">
        createTime,
      </if>
      <if test="updateTime != null">
        updateTime,
      </if>
      <if test="employeeId != null">
        employeeId,
      </if>
      <if test="roleId != null">
        roleId,
      </if>
    </trim>
    <trim prefix="values (" suffix=")" suffixOverrides=",">
      <if test="createTime != null">
        #{createTime,jdbcType=BIGINT},
      </if>
      <if test="updateTime != null">
        #{updateTime,jdbcType=BIGINT},
      </if>
      <if test="employeeId != null">
        #{employeeId,jdbcType=BIGINT},
      </if>
      <if test="roleId != null">
        #{roleId,jdbcType=BIGINT},
      </if>
    </trim>
  </insert>
  <update id="updatePart" parameterType="cn.itsource.aigou.core.domain.EmployeeRole">
    update t_employee_role
    <set>
      <if test="createTime != null">
        createTime = #{createTime,jdbcType=BIGINT},
      </if>
      <if test="updateTime != null">
        updateTime = #{updateTime,jdbcType=BIGINT},
      </if>
      <if test="employeeId != null">
        employeeId = #{employeeId,jdbcType=BIGINT},
      </if>
      <if test="roleId != null">
        roleId = #{roleId,jdbcType=BIGINT},
      </if>
    </set>
    where id = #{id,jdbcType=BIGINT}
  </update>
  <update id="update" parameterType="cn.itsource.aigou.core.domain.EmployeeRole">
    update t_employee_role
    set createTime = #{createTime,jdbcType=BIGINT},
      updateTime = #{updateTime,jdbcType=BIGINT},
      employeeId = #{employeeId,jdbcType=BIGINT},
      roleId = #{roleId,jdbcType=BIGINT}
    where id = #{id,jdbcType=BIGINT}
  </update>
</mapper>