<?xml version="1.0" encoding="UTF-8"?>
<!DOCTYPE mapper PUBLIC "-//mybatis.org//DTD Mapper 3.0//EN" "http://mybatis.org/dtd/mybatis-3-mapper.dtd">
<mapper namespace="cn.itsource.aigou.core.mapper.PayRechargeMapper">
  <resultMap id="BaseResultMap" type="cn.itsource.aigou.core.domain.PayRecharge">
    <id column="id" jdbcType="BIGINT" property="id" />
    <result column="updateTime" jdbcType="BIGINT" property="updateTime" />
    <result column="createTime" jdbcType="BIGINT" property="createTime" />
    <result column="ssoId" jdbcType="BIGINT" property="ssoId" />
    <result column="rechargeSn" jdbcType="CHAR" property="rechargeSn" />
    <result column="money" jdbcType="INTEGER" property="money" />
    <result column="payState" jdbcType="TINYINT" property="payState" />
    <result column="payChannel" jdbcType="TINYINT" property="payChannel" />
    <result column="payTime" jdbcType="BIGINT" property="payTime" />
    <result column="note" jdbcType="VARCHAR" property="note" />
  </resultMap>
  <sql id="Base_Column_List">
    id, updateTime, createTime, ssoId, rechargeSn, money, payState, payChannel, payTime, 
    note
  </sql>
  <select id="get" parameterType="java.lang.Long" resultMap="BaseResultMap">
    select 
    <include refid="Base_Column_List" />
    from t_pay_recharge
    where id = #{id,jdbcType=BIGINT}
  </select>
  <delete id="delete" parameterType="java.lang.Long">
    delete from t_pay_recharge
    where id = #{id,jdbcType=BIGINT}
  </delete>
  <insert id="save" parameterType="cn.itsource.aigou.core.domain.PayRecharge">
    <selectKey keyProperty="id" order="AFTER" resultType="java.lang.Long">
      SELECT LAST_INSERT_ID()
    </selectKey>
    insert into t_pay_recharge (updateTime, createTime, ssoId, 
      rechargeSn, money, payState, 
      payChannel, payTime, note
      )
    values (#{updateTime,jdbcType=BIGINT}, #{createTime,jdbcType=BIGINT}, #{ssoId,jdbcType=BIGINT}, 
      #{rechargeSn,jdbcType=CHAR}, #{money,jdbcType=INTEGER}, #{payState,jdbcType=TINYINT}, 
      #{payChannel,jdbcType=TINYINT}, #{payTime,jdbcType=BIGINT}, #{note,jdbcType=VARCHAR}
      )
  </insert>
  <insert id="savePart" parameterType="cn.itsource.aigou.core.domain.PayRecharge">
    <selectKey keyProperty="id" order="AFTER" resultType="java.lang.Long">
      SELECT LAST_INSERT_ID()
    </selectKey>
    insert into t_pay_recharge
    <trim prefix="(" suffix=")" suffixOverrides=",">
      <if test="updateTime != null">
        updateTime,
      </if>
      <if test="createTime != null">
        createTime,
      </if>
      <if test="ssoId != null">
        ssoId,
      </if>
      <if test="rechargeSn != null">
        rechargeSn,
      </if>
      <if test="money != null">
        money,
      </if>
      <if test="payState != null">
        payState,
      </if>
      <if test="payChannel != null">
        payChannel,
      </if>
      <if test="payTime != null">
        payTime,
      </if>
      <if test="note != null">
        note,
      </if>
    </trim>
    <trim prefix="values (" suffix=")" suffixOverrides=",">
      <if test="updateTime != null">
        #{updateTime,jdbcType=BIGINT},
      </if>
      <if test="createTime != null">
        #{createTime,jdbcType=BIGINT},
      </if>
      <if test="ssoId != null">
        #{ssoId,jdbcType=BIGINT},
      </if>
      <if test="rechargeSn != null">
        #{rechargeSn,jdbcType=CHAR},
      </if>
      <if test="money != null">
        #{money,jdbcType=INTEGER},
      </if>
      <if test="payState != null">
        #{payState,jdbcType=TINYINT},
      </if>
      <if test="payChannel != null">
        #{payChannel,jdbcType=TINYINT},
      </if>
      <if test="payTime != null">
        #{payTime,jdbcType=BIGINT},
      </if>
      <if test="note != null">
        #{note,jdbcType=VARCHAR},
      </if>
    </trim>
  </insert>
  <update id="updatePart" parameterType="cn.itsource.aigou.core.domain.PayRecharge">
    update t_pay_recharge
    <set>
      <if test="updateTime != null">
        updateTime = #{updateTime,jdbcType=BIGINT},
      </if>
      <if test="createTime != null">
        createTime = #{createTime,jdbcType=BIGINT},
      </if>
      <if test="ssoId != null">
        ssoId = #{ssoId,jdbcType=BIGINT},
      </if>
      <if test="rechargeSn != null">
        rechargeSn = #{rechargeSn,jdbcType=CHAR},
      </if>
      <if test="money != null">
        money = #{money,jdbcType=INTEGER},
      </if>
      <if test="payState != null">
        payState = #{payState,jdbcType=TINYINT},
      </if>
      <if test="payChannel != null">
        payChannel = #{payChannel,jdbcType=TINYINT},
      </if>
      <if test="payTime != null">
        payTime = #{payTime,jdbcType=BIGINT},
      </if>
      <if test="note != null">
        note = #{note,jdbcType=VARCHAR},
      </if>
    </set>
    where id = #{id,jdbcType=BIGINT}
  </update>
  <update id="update" parameterType="cn.itsource.aigou.core.domain.PayRecharge">
    update t_pay_recharge
    set updateTime = #{updateTime,jdbcType=BIGINT},
      createTime = #{createTime,jdbcType=BIGINT},
      ssoId = #{ssoId,jdbcType=BIGINT},
      rechargeSn = #{rechargeSn,jdbcType=CHAR},
      money = #{money,jdbcType=INTEGER},
      payState = #{payState,jdbcType=TINYINT},
      payChannel = #{payChannel,jdbcType=TINYINT},
      payTime = #{payTime,jdbcType=BIGINT},
      note = #{note,jdbcType=VARCHAR}
    where id = #{id,jdbcType=BIGINT}
  </update>
</mapper>