<?xml version="1.0" encoding="UTF-8"?>
<!DOCTYPE mapper PUBLIC "-//mybatis.org//DTD Mapper 3.0//EN" "http://mybatis.org/dtd/mybatis-3-mapper.dtd">
<mapper namespace="cn.itsource.aigou.core.mapper.PayVipCouponMapper">
  <resultMap id="BaseResultMap" type="cn.itsource.aigou.core.domain.PayVipCoupon">
    <id column="id" jdbcType="BIGINT" property="id" />
    <result column="createTime" jdbcType="BIGINT" property="createTime" />
    <result column="ssoId" jdbcType="BIGINT" property="ssoId" />
    <result column="couponId" jdbcType="BIGINT" property="couponId" />
  </resultMap>
  <sql id="Base_Column_List">
    id, createTime, ssoId, couponId
  </sql>
  <select id="get" parameterType="java.lang.Long" resultMap="BaseResultMap">
    select 
    <include refid="Base_Column_List" />
    from t_pay_vip_coupon
    where id = #{id,jdbcType=BIGINT}
  </select>
  <delete id="delete" parameterType="java.lang.Long">
    delete from t_pay_vip_coupon
    where id = #{id,jdbcType=BIGINT}
  </delete>
  <insert id="save" parameterType="cn.itsource.aigou.core.domain.PayVipCoupon">
    <selectKey keyProperty="id" order="AFTER" resultType="java.lang.Long">
      SELECT LAST_INSERT_ID()
    </selectKey>
    insert into t_pay_vip_coupon (createTime, ssoId, couponId
      )
    values (#{createTime,jdbcType=BIGINT}, #{ssoId,jdbcType=BIGINT}, #{couponId,jdbcType=BIGINT}
      )
  </insert>
  <insert id="savePart" parameterType="cn.itsource.aigou.core.domain.PayVipCoupon">
    <selectKey keyProperty="id" order="AFTER" resultType="java.lang.Long">
      SELECT LAST_INSERT_ID()
    </selectKey>
    insert into t_pay_vip_coupon
    <trim prefix="(" suffix=")" suffixOverrides=",">
      <if test="createTime != null">
        createTime,
      </if>
      <if test="ssoId != null">
        ssoId,
      </if>
      <if test="couponId != null">
        couponId,
      </if>
    </trim>
    <trim prefix="values (" suffix=")" suffixOverrides=",">
      <if test="createTime != null">
        #{createTime,jdbcType=BIGINT},
      </if>
      <if test="ssoId != null">
        #{ssoId,jdbcType=BIGINT},
      </if>
      <if test="couponId != null">
        #{couponId,jdbcType=BIGINT},
      </if>
    </trim>
  </insert>
  <update id="updatePart" parameterType="cn.itsource.aigou.core.domain.PayVipCoupon">
    update t_pay_vip_coupon
    <set>
      <if test="createTime != null">
        createTime = #{createTime,jdbcType=BIGINT},
      </if>
      <if test="ssoId != null">
        ssoId = #{ssoId,jdbcType=BIGINT},
      </if>
      <if test="couponId != null">
        couponId = #{couponId,jdbcType=BIGINT},
      </if>
    </set>
    where id = #{id,jdbcType=BIGINT}
  </update>
  <update id="update" parameterType="cn.itsource.aigou.core.domain.PayVipCoupon">
    update t_pay_vip_coupon
    set createTime = #{createTime,jdbcType=BIGINT},
      ssoId = #{ssoId,jdbcType=BIGINT},
      couponId = #{couponId,jdbcType=BIGINT}
    where id = #{id,jdbcType=BIGINT}
  </update>
</mapper>