<?xml version="1.0" encoding="UTF-8"?>
<!DOCTYPE mapper PUBLIC "-//mybatis.org//DTD Mapper 3.0//EN" "http://mybatis.org/dtd/mybatis-3-mapper.dtd">
<mapper namespace="cn.itsource.aigou.core.mapper.PermissionMapper">
  <resultMap id="BaseResultMap" type="cn.itsource.aigou.core.domain.Permission">
    <id column="id" jdbcType="BIGINT" property="id" />
    <result column="createTime" jdbcType="BIGINT" property="createTime" />
    <result column="updateTime" jdbcType="BIGINT" property="updateTime" />
    <result column="code" jdbcType="CHAR" property="code" />
    <result column="permissionName" jdbcType="VARCHAR" property="permissionName" />
    <result column="pid" jdbcType="BIGINT" property="pid" />
    <result column="methodFullName" jdbcType="VARCHAR" property="methodFullName" />
    <result column="remark" jdbcType="VARCHAR" property="remark" />
  </resultMap>
  <sql id="Base_Column_List">
    id, createTime, updateTime, code, permissionName, pid, methodFullName, remark
  </sql>
  <select id="get" parameterType="java.lang.Long" resultMap="BaseResultMap">
    select 
    <include refid="Base_Column_List" />
    from t_permission
    where id = #{id,jdbcType=BIGINT}
  </select>
  <delete id="delete" parameterType="java.lang.Long">
    delete from t_permission
    where id = #{id,jdbcType=BIGINT}
  </delete>
  <insert id="save" parameterType="cn.itsource.aigou.core.domain.Permission">
    <selectKey keyProperty="id" order="AFTER" resultType="java.lang.Long">
      SELECT LAST_INSERT_ID()
    </selectKey>
    insert into t_permission (createTime, updateTime, code, 
      permissionName, pid, methodFullName, 
      remark)
    values (#{createTime,jdbcType=BIGINT}, #{updateTime,jdbcType=BIGINT}, #{code,jdbcType=CHAR}, 
      #{permissionName,jdbcType=VARCHAR}, #{pid,jdbcType=BIGINT}, #{methodFullName,jdbcType=VARCHAR}, 
      #{remark,jdbcType=VARCHAR})
  </insert>
  <insert id="savePart" parameterType="cn.itsource.aigou.core.domain.Permission">
    <selectKey keyProperty="id" order="AFTER" resultType="java.lang.Long">
      SELECT LAST_INSERT_ID()
    </selectKey>
    insert into t_permission
    <trim prefix="(" suffix=")" suffixOverrides=",">
      <if test="createTime != null">
        createTime,
      </if>
      <if test="updateTime != null">
        updateTime,
      </if>
      <if test="code != null">
        code,
      </if>
      <if test="permissionName != null">
        permissionName,
      </if>
      <if test="pid != null">
        pid,
      </if>
      <if test="methodFullName != null">
        methodFullName,
      </if>
      <if test="remark != null">
        remark,
      </if>
    </trim>
    <trim prefix="values (" suffix=")" suffixOverrides=",">
      <if test="createTime != null">
        #{createTime,jdbcType=BIGINT},
      </if>
      <if test="updateTime != null">
        #{updateTime,jdbcType=BIGINT},
      </if>
      <if test="code != null">
        #{code,jdbcType=CHAR},
      </if>
      <if test="permissionName != null">
        #{permissionName,jdbcType=VARCHAR},
      </if>
      <if test="pid != null">
        #{pid,jdbcType=BIGINT},
      </if>
      <if test="methodFullName != null">
        #{methodFullName,jdbcType=VARCHAR},
      </if>
      <if test="remark != null">
        #{remark,jdbcType=VARCHAR},
      </if>
    </trim>
  </insert>
  <update id="updatePart" parameterType="cn.itsource.aigou.core.domain.Permission">
    update t_permission
    <set>
      <if test="createTime != null">
        createTime = #{createTime,jdbcType=BIGINT},
      </if>
      <if test="updateTime != null">
        updateTime = #{updateTime,jdbcType=BIGINT},
      </if>
      <if test="code != null">
        code = #{code,jdbcType=CHAR},
      </if>
      <if test="permissionName != null">
        permissionName = #{permissionName,jdbcType=VARCHAR},
      </if>
      <if test="pid != null">
        pid = #{pid,jdbcType=BIGINT},
      </if>
      <if test="methodFullName != null">
        methodFullName = #{methodFullName,jdbcType=VARCHAR},
      </if>
      <if test="remark != null">
        remark = #{remark,jdbcType=VARCHAR},
      </if>
    </set>
    where id = #{id,jdbcType=BIGINT}
  </update>
  <update id="update" parameterType="cn.itsource.aigou.core.domain.Permission">
    update t_permission
    set createTime = #{createTime,jdbcType=BIGINT},
      updateTime = #{updateTime,jdbcType=BIGINT},
      code = #{code,jdbcType=CHAR},
      permissionName = #{permissionName,jdbcType=VARCHAR},
      pid = #{pid,jdbcType=BIGINT},
      methodFullName = #{methodFullName,jdbcType=VARCHAR},
      remark = #{remark,jdbcType=VARCHAR}
    where id = #{id,jdbcType=BIGINT}
  </update>
</mapper>