<?xml version="1.0" encoding="UTF-8"?>
<!DOCTYPE mapper PUBLIC "-//mybatis.org//DTD Mapper 3.0//EN" "http://mybatis.org/dtd/mybatis-3-mapper.dtd">
<mapper namespace="cn.itsource.aigou.core.mapper.ProductCommentMapper">
  <resultMap id="BaseResultMap" type="cn.itsource.aigou.core.domain.ProductComment">
    <id column="id" jdbcType="BIGINT" property="id" />
    <result column="createTime" jdbcType="BIGINT" property="createTime" />
    <result column="updateTime" jdbcType="BIGINT" property="updateTime" />
    <result column="orderId" jdbcType="BIGINT" property="orderId" />
    <result column="productId" jdbcType="BIGINT" property="productId" />
    <result column="score" jdbcType="INTEGER" property="score" />
    <result column="comment" jdbcType="VARCHAR" property="comment" />
    <result column="level" jdbcType="TINYINT" property="level" />
  </resultMap>
  <sql id="Base_Column_List">
    id, createTime, updateTime, orderId, productId, score, comment, level
  </sql>
  <select id="get" parameterType="java.lang.Long" resultMap="BaseResultMap">
    select 
    <include refid="Base_Column_List" />
    from t_product_comment
    where id = #{id,jdbcType=BIGINT}
  </select>
  <delete id="delete" parameterType="java.lang.Long">
    delete from t_product_comment
    where id = #{id,jdbcType=BIGINT}
  </delete>
  <insert id="save" parameterType="cn.itsource.aigou.core.domain.ProductComment">
    <selectKey keyProperty="id" order="AFTER" resultType="java.lang.Long">
      SELECT LAST_INSERT_ID()
    </selectKey>
    insert into t_product_comment (createTime, updateTime, orderId, 
      productId, score, comment, 
      level)
    values (#{createTime,jdbcType=BIGINT}, #{updateTime,jdbcType=BIGINT}, #{orderId,jdbcType=BIGINT}, 
      #{productId,jdbcType=BIGINT}, #{score,jdbcType=INTEGER}, #{comment,jdbcType=VARCHAR}, 
      #{level,jdbcType=TINYINT})
  </insert>
  <insert id="savePart" parameterType="cn.itsource.aigou.core.domain.ProductComment">
    <selectKey keyProperty="id" order="AFTER" resultType="java.lang.Long">
      SELECT LAST_INSERT_ID()
    </selectKey>
    insert into t_product_comment
    <trim prefix="(" suffix=")" suffixOverrides=",">
      <if test="createTime != null">
        createTime,
      </if>
      <if test="updateTime != null">
        updateTime,
      </if>
      <if test="orderId != null">
        orderId,
      </if>
      <if test="productId != null">
        productId,
      </if>
      <if test="score != null">
        score,
      </if>
      <if test="comment != null">
        comment,
      </if>
      <if test="level != null">
        level,
      </if>
    </trim>
    <trim prefix="values (" suffix=")" suffixOverrides=",">
      <if test="createTime != null">
        #{createTime,jdbcType=BIGINT},
      </if>
      <if test="updateTime != null">
        #{updateTime,jdbcType=BIGINT},
      </if>
      <if test="orderId != null">
        #{orderId,jdbcType=BIGINT},
      </if>
      <if test="productId != null">
        #{productId,jdbcType=BIGINT},
      </if>
      <if test="score != null">
        #{score,jdbcType=INTEGER},
      </if>
      <if test="comment != null">
        #{comment,jdbcType=VARCHAR},
      </if>
      <if test="level != null">
        #{level,jdbcType=TINYINT},
      </if>
    </trim>
  </insert>
  <update id="updatePart" parameterType="cn.itsource.aigou.core.domain.ProductComment">
    update t_product_comment
    <set>
      <if test="createTime != null">
        createTime = #{createTime,jdbcType=BIGINT},
      </if>
      <if test="updateTime != null">
        updateTime = #{updateTime,jdbcType=BIGINT},
      </if>
      <if test="orderId != null">
        orderId = #{orderId,jdbcType=BIGINT},
      </if>
      <if test="productId != null">
        productId = #{productId,jdbcType=BIGINT},
      </if>
      <if test="score != null">
        score = #{score,jdbcType=INTEGER},
      </if>
      <if test="comment != null">
        comment = #{comment,jdbcType=VARCHAR},
      </if>
      <if test="level != null">
        level = #{level,jdbcType=TINYINT},
      </if>
    </set>
    where id = #{id,jdbcType=BIGINT}
  </update>
  <update id="update" parameterType="cn.itsource.aigou.core.domain.ProductComment">
    update t_product_comment
    set createTime = #{createTime,jdbcType=BIGINT},
      updateTime = #{updateTime,jdbcType=BIGINT},
      orderId = #{orderId,jdbcType=BIGINT},
      productId = #{productId,jdbcType=BIGINT},
      score = #{score,jdbcType=INTEGER},
      comment = #{comment,jdbcType=VARCHAR},
      level = #{level,jdbcType=TINYINT}
    where id = #{id,jdbcType=BIGINT}
  </update>
</mapper>