<?xml version="1.0" encoding="UTF-8"?>
<!DOCTYPE mapper PUBLIC "-//mybatis.org//DTD Mapper 3.0//EN" "http://mybatis.org/dtd/mybatis-3-mapper.dtd">
<mapper namespace="cn.itsource.aigou.core.mapper.PromotionScopeValueMapper">
  <resultMap id="BaseResultMap" type="cn.itsource.aigou.core.domain.PromotionScopeValue">
    <id column="id" jdbcType="BIGINT" property="id" />
    <result column="createTime" jdbcType="BIGINT" property="createTime" />
    <result column="updateTime" jdbcType="BIGINT" property="updateTime" />
    <result column="scopeId" jdbcType="BIGINT" property="scopeId" />
    <result column="value" jdbcType="BIGINT" property="value" />
  </resultMap>
  <sql id="Base_Column_List">
    id, createTime, updateTime, scopeId, value
  </sql>
  <select id="get" parameterType="java.lang.Long" resultMap="BaseResultMap">
    select 
    <include refid="Base_Column_List" />
    from t_promotion_scope_value
    where id = #{id,jdbcType=BIGINT}
  </select>
  <delete id="delete" parameterType="java.lang.Long">
    delete from t_promotion_scope_value
    where id = #{id,jdbcType=BIGINT}
  </delete>
  <insert id="save" parameterType="cn.itsource.aigou.core.domain.PromotionScopeValue">
    <selectKey keyProperty="id" order="AFTER" resultType="java.lang.Long">
      SELECT LAST_INSERT_ID()
    </selectKey>
    insert into t_promotion_scope_value (createTime, updateTime, scopeId, 
      value)
    values (#{createTime,jdbcType=BIGINT}, #{updateTime,jdbcType=BIGINT}, #{scopeId,jdbcType=BIGINT}, 
      #{value,jdbcType=BIGINT})
  </insert>
  <insert id="savePart" parameterType="cn.itsource.aigou.core.domain.PromotionScopeValue">
    <selectKey keyProperty="id" order="AFTER" resultType="java.lang.Long">
      SELECT LAST_INSERT_ID()
    </selectKey>
    insert into t_promotion_scope_value
    <trim prefix="(" suffix=")" suffixOverrides=",">
      <if test="createTime != null">
        createTime,
      </if>
      <if test="updateTime != null">
        updateTime,
      </if>
      <if test="scopeId != null">
        scopeId,
      </if>
      <if test="value != null">
        value,
      </if>
    </trim>
    <trim prefix="values (" suffix=")" suffixOverrides=",">
      <if test="createTime != null">
        #{createTime,jdbcType=BIGINT},
      </if>
      <if test="updateTime != null">
        #{updateTime,jdbcType=BIGINT},
      </if>
      <if test="scopeId != null">
        #{scopeId,jdbcType=BIGINT},
      </if>
      <if test="value != null">
        #{value,jdbcType=BIGINT},
      </if>
    </trim>
  </insert>
  <update id="updatePart" parameterType="cn.itsource.aigou.core.domain.PromotionScopeValue">
    update t_promotion_scope_value
    <set>
      <if test="createTime != null">
        createTime = #{createTime,jdbcType=BIGINT},
      </if>
      <if test="updateTime != null">
        updateTime = #{updateTime,jdbcType=BIGINT},
      </if>
      <if test="scopeId != null">
        scopeId = #{scopeId,jdbcType=BIGINT},
      </if>
      <if test="value != null">
        value = #{value,jdbcType=BIGINT},
      </if>
    </set>
    where id = #{id,jdbcType=BIGINT}
  </update>
  <update id="update" parameterType="cn.itsource.aigou.core.domain.PromotionScopeValue">
    update t_promotion_scope_value
    set createTime = #{createTime,jdbcType=BIGINT},
      updateTime = #{updateTime,jdbcType=BIGINT},
      scopeId = #{scopeId,jdbcType=BIGINT},
      value = #{value,jdbcType=BIGINT}
    where id = #{id,jdbcType=BIGINT}
  </update>
</mapper>