<?xml version="1.0" encoding="UTF-8"?>
<!DOCTYPE mapper PUBLIC "-//mybatis.org//DTD Mapper 3.0//EN" "http://mybatis.org/dtd/mybatis-3-mapper.dtd">
<mapper namespace="cn.itsource.aigou.core.mapper.PropertyOptionMapper">
  <resultMap id="BaseResultMap" type="cn.itsource.aigou.core.domain.PropertyOption">
    <id column="id" jdbcType="BIGINT" property="id" />
    <result column="createTime" jdbcType="BIGINT" property="createTime" />
    <result column="updateTime" jdbcType="BIGINT" property="updateTime" />
    <result column="propId" jdbcType="BIGINT" property="propId" />
    <result column="optionValue" jdbcType="VARCHAR" property="optionValue" />
    <result column="optionPic" jdbcType="VARCHAR" property="optionPic" />
  </resultMap>
  <sql id="Base_Column_List">
    id, createTime, updateTime, propId, optionValue, optionPic
  </sql>
  <select id="get" parameterType="java.lang.Long" resultMap="BaseResultMap">
    select 
    <include refid="Base_Column_List" />
    from t_property_option
    where id = #{id,jdbcType=BIGINT}
  </select>
  <delete id="delete" parameterType="java.lang.Long">
    delete from t_property_option
    where id = #{id,jdbcType=BIGINT}
  </delete>
  <insert id="save" parameterType="cn.itsource.aigou.core.domain.PropertyOption">
    <selectKey keyProperty="id" order="AFTER" resultType="java.lang.Long">
      SELECT LAST_INSERT_ID()
    </selectKey>
    insert into t_property_option (createTime, updateTime, propId, 
      optionValue, optionPic)
    values (#{createTime,jdbcType=BIGINT}, #{updateTime,jdbcType=BIGINT}, #{propId,jdbcType=BIGINT}, 
      #{optionValue,jdbcType=VARCHAR}, #{optionPic,jdbcType=VARCHAR})
  </insert>
  <insert id="savePart" parameterType="cn.itsource.aigou.core.domain.PropertyOption">
    <selectKey keyProperty="id" order="AFTER" resultType="java.lang.Long">
      SELECT LAST_INSERT_ID()
    </selectKey>
    insert into t_property_option
    <trim prefix="(" suffix=")" suffixOverrides=",">
      <if test="createTime != null">
        createTime,
      </if>
      <if test="updateTime != null">
        updateTime,
      </if>
      <if test="propId != null">
        propId,
      </if>
      <if test="optionValue != null">
        optionValue,
      </if>
      <if test="optionPic != null">
        optionPic,
      </if>
    </trim>
    <trim prefix="values (" suffix=")" suffixOverrides=",">
      <if test="createTime != null">
        #{createTime,jdbcType=BIGINT},
      </if>
      <if test="updateTime != null">
        #{updateTime,jdbcType=BIGINT},
      </if>
      <if test="propId != null">
        #{propId,jdbcType=BIGINT},
      </if>
      <if test="optionValue != null">
        #{optionValue,jdbcType=VARCHAR},
      </if>
      <if test="optionPic != null">
        #{optionPic,jdbcType=VARCHAR},
      </if>
    </trim>
  </insert>
  <update id="updatePart" parameterType="cn.itsource.aigou.core.domain.PropertyOption">
    update t_property_option
    <set>
      <if test="createTime != null">
        createTime = #{createTime,jdbcType=BIGINT},
      </if>
      <if test="updateTime != null">
        updateTime = #{updateTime,jdbcType=BIGINT},
      </if>
      <if test="propId != null">
        propId = #{propId,jdbcType=BIGINT},
      </if>
      <if test="optionValue != null">
        optionValue = #{optionValue,jdbcType=VARCHAR},
      </if>
      <if test="optionPic != null">
        optionPic = #{optionPic,jdbcType=VARCHAR},
      </if>
    </set>
    where id = #{id,jdbcType=BIGINT}
  </update>
  <update id="update" parameterType="cn.itsource.aigou.core.domain.PropertyOption">
    update t_property_option
    set createTime = #{createTime,jdbcType=BIGINT},
      updateTime = #{updateTime,jdbcType=BIGINT},
      propId = #{propId,jdbcType=BIGINT},
      optionValue = #{optionValue,jdbcType=VARCHAR},
      optionPic = #{optionPic,jdbcType=VARCHAR}
    where id = #{id,jdbcType=BIGINT}
  </update>
  
  <sql id="whereSql">
  	<where>
  		<if test="propId!=null">
  			and tpo.propId = #{propId,jdbcType=BIGINT}
  		</if>
  	</where>
  </sql>
  
  <select id="getPropertieOptions" parameterType="cn.itsource.aigou.core.query.BaseQuery" resultMap="BaseResultMap">
    select 
    <include refid="Base_Column_List" />
    from t_property_option tpo
    <include refid="whereSql"/>
  </select>
</mapper>