<?xml version="1.0" encoding="UTF-8"?>
<!DOCTYPE mapper PUBLIC "-//mybatis.org//DTD Mapper 3.0//EN" "http://mybatis.org/dtd/mybatis-3-mapper.dtd">
<mapper namespace="cn.itsource.aigou.core.mapper.SeckillResultMapper">
  <resultMap id="BaseResultMap" type="cn.itsource.aigou.core.domain.SeckillResult">
    <id column="id" jdbcType="BIGINT" property="id" />
    <result column="createTime" jdbcType="BIGINT" property="createTime" />
    <result column="seckillSkuId" jdbcType="BIGINT" property="seckillSkuId" />
    <result column="ssoId" jdbcType="BIGINT" property="ssoId" />
    <result column="lastConfirmTime" jdbcType="BIGINT" property="lastConfirmTime" />
    <result column="state" jdbcType="TINYINT" property="state" />
    <result column="totalCount" jdbcType="INTEGER" property="totalCount" />
  </resultMap>
  <sql id="Base_Column_List">
    id, createTime, seckillSkuId, ssoId, totalCount,lastConfirmTime,state
  </sql>
  <select id="get" parameterType="java.lang.Long" resultMap="BaseResultMap">
    select 
    <include refid="Base_Column_List" />
    from t_seckill_result
    where id = #{id,jdbcType=BIGINT}
  </select>
  <delete id="delete" parameterType="java.lang.Long">
    delete from t_seckill_result
    where id = #{id,jdbcType=BIGINT}
  </delete>
  <insert id="save" parameterType="cn.itsource.aigou.core.domain.SeckillResult">
    <selectKey keyProperty="id" order="AFTER" resultType="java.lang.Long">
      SELECT LAST_INSERT_ID()
    </selectKey>
    insert into t_seckill_result (createTime,seckillSkuId, ssoId, totalCount,lastConfirmTime,state)
    values (#{createTime,jdbcType=BIGINT},#{seckillSkuId,jdbcType=BIGINT}, 
       #{ssoId,jdbcType=BIGINT}, #{totalCount,jdbcType=INTEGER},
       #{lastConfirmTime,jdbcType=BIGINT}, #{state,jdbcType=TINYINT}
      )
  </insert>
  <insert id="savePart" parameterType="cn.itsource.aigou.core.domain.SeckillResult">
    <selectKey keyProperty="id" order="AFTER" resultType="java.lang.Long">
      SELECT LAST_INSERT_ID()
    </selectKey>
    insert into t_seckill_result
    <trim prefix="(" suffix=")" suffixOverrides=",">
      <if test="createTime != null">
        createTime,
      </if>
      <if test="seckillSkuId != null">
        seckillSkuId,
      </if>
      <if test="ssoId != null">
        ssoId,
      </if>
      <if test="totalCount != null">
        totalCount,
      </if>
      <if test="lastConfirmTime != null">
        lastConfirmTime,
      </if>
      <if test="state != null">
        state,
      </if>
    </trim>
    <trim prefix="values (" suffix=")" suffixOverrides=",">
      <if test="createTime != null">
        #{createTime,jdbcType=BIGINT},
      </if>
      <if test="seckillSkuId != null">
        #{seckillSkuId,jdbcType=BIGINT},
      </if>
      <if test="ssoId != null">
        #{ssoId,jdbcType=BIGINT},
      </if>
      <if test="totalCount != null">
        #{totalCount,jdbcType=INTEGER},
      </if>
      <if test="lastConfirmTime != null">
        #{lastConfirmTime,jdbcType=BIGINT},
      </if>
      <if test="state != null">
        #{state,jdbcType=TINYINT},
      </if>
    </trim>
  </insert>
  <update id="updatePart" parameterType="cn.itsource.aigou.core.domain.SeckillResult">
    update t_seckill_result
    <set>
      <if test="createTime != null">
        createTime = #{createTime,jdbcType=BIGINT},
      </if>
      <if test="seckillSkuId != null">
        seckillSkuId = #{seckillSkuId,jdbcType=BIGINT},
      </if>
      <if test="ssoId != null">
        ssoId = #{ssoId,jdbcType=BIGINT},
      </if>
      <if test="totalCount != null">
        totalCount = #{totalCount,jdbcType=INTEGER},
      </if>
      <if test="lastConfirmTime != null">
        lastConfirmTime = #{lastConfirmTime,jdbcType=BIGINT},
      </if>
      <if test="state != null">
        state = #{state,jdbcType=TINYINT},
      </if>
    </set>
    where id = #{id,jdbcType=BIGINT}
  </update>
  <update id="update" parameterType="cn.itsource.aigou.core.domain.SeckillResult">
    update t_seckill_result
    set createTime = #{createTime,jdbcType=BIGINT},
      seckillSkuId = #{seckillSkuId,jdbcType=BIGINT},
      ssoId = #{ssoId,jdbcType=BIGINT},
      lastConfirmTime = #{lastConfirmTime,jdbcType=BIGINT},
      state = #{state,jdbcType=TINYINT},
      totalCount = #{totalCount,jdbcType=INTEGER}
    where id = #{id,jdbcType=BIGINT}
  </update>
</mapper>