<?xml version="1.0" encoding="UTF-8"?>
<!DOCTYPE mapper PUBLIC "-//mybatis.org//DTD Mapper 3.0//EN" "http://mybatis.org/dtd/mybatis-3-mapper.dtd">
<mapper namespace="cn.itsource.aigou.core.mapper.SmsCodeMapper">
  <resultMap id="BaseResultMap" type="cn.itsource.aigou.core.domain.SmsCode">
    <id column="id" jdbcType="BIGINT" property="id" />
    <result column="createTime" jdbcType="BIGINT" property="createTime" />
    <result column="updateTime" jdbcType="BIGINT" property="updateTime" />
    <result column="phone" jdbcType="CHAR" property="phone" />
    <result column="code" jdbcType="CHAR" property="code" />
    <result column="validateTime" jdbcType="BIGINT" property="validateTime" />
  </resultMap>
  <sql id="Base_Column_List">
    id, createTime, updateTime, phone, code, validateTime
  </sql>
  <select id="get" parameterType="java.lang.Long" resultMap="BaseResultMap">
    select 
    <include refid="Base_Column_List" />
    from t_sms_code
    where id = #{id,jdbcType=BIGINT}
  </select>
  <delete id="delete" parameterType="java.lang.Long">
    delete from t_sms_code
    where id = #{id,jdbcType=BIGINT}
  </delete>
  <insert id="save" parameterType="cn.itsource.aigou.core.domain.SmsCode">
    <selectKey keyProperty="id" order="AFTER" resultType="java.lang.Long">
      SELECT LAST_INSERT_ID()
    </selectKey>
    insert into t_sms_code (createTime, updateTime, phone, 
      code, validateTime)
    values (#{createTime,jdbcType=BIGINT}, #{updateTime,jdbcType=BIGINT}, #{phone,jdbcType=CHAR}, 
      #{code,jdbcType=CHAR}, #{validateTime,jdbcType=BIGINT})
  </insert>
  <insert id="savePart" parameterType="cn.itsource.aigou.core.domain.SmsCode">
    <selectKey keyProperty="id" order="AFTER" resultType="java.lang.Long">
      SELECT LAST_INSERT_ID()
    </selectKey>
    insert into t_sms_code
    <trim prefix="(" suffix=")" suffixOverrides=",">
      <if test="createTime != null">
        createTime,
      </if>
      <if test="updateTime != null">
        updateTime,
      </if>
      <if test="phone != null">
        phone,
      </if>
      <if test="code != null">
        code,
      </if>
      <if test="validateTime != null">
        validateTime,
      </if>
    </trim>
    <trim prefix="values (" suffix=")" suffixOverrides=",">
      <if test="createTime != null">
        #{createTime,jdbcType=BIGINT},
      </if>
      <if test="updateTime != null">
        #{updateTime,jdbcType=BIGINT},
      </if>
      <if test="phone != null">
        #{phone,jdbcType=CHAR},
      </if>
      <if test="code != null">
        #{code,jdbcType=CHAR},
      </if>
      <if test="validateTime != null">
        #{validateTime,jdbcType=BIGINT},
      </if>
    </trim>
  </insert>
  <update id="updatePart" parameterType="cn.itsource.aigou.core.domain.SmsCode">
    update t_sms_code
    <set>
      <if test="createTime != null">
        createTime = #{createTime,jdbcType=BIGINT},
      </if>
      <if test="updateTime != null">
        updateTime = #{updateTime,jdbcType=BIGINT},
      </if>
      <if test="phone != null">
        phone = #{phone,jdbcType=CHAR},
      </if>
      <if test="code != null">
        code = #{code,jdbcType=CHAR},
      </if>
      <if test="validateTime != null">
        validateTime = #{validateTime,jdbcType=BIGINT},
      </if>
    </set>
    where id = #{id,jdbcType=BIGINT}
  </update>
  <update id="update" parameterType="cn.itsource.aigou.core.domain.SmsCode">
    update t_sms_code
    set createTime = #{createTime,jdbcType=BIGINT},
      updateTime = #{updateTime,jdbcType=BIGINT},
      phone = #{phone,jdbcType=CHAR},
      code = #{code,jdbcType=CHAR},
      validateTime = #{validateTime,jdbcType=BIGINT}
    where id = #{id,jdbcType=BIGINT}
  </update>
</mapper>