<?xml version="1.0" encoding="UTF-8"?>
<!DOCTYPE mapper PUBLIC "-//mybatis.org//DTD Mapper 3.0//EN" "http://mybatis.org/dtd/mybatis-3-mapper.dtd">
<mapper namespace="cn.itsource.aigou.core.mapper.SmsLogMapper">
  <resultMap id="BaseResultMap" type="cn.itsource.aigou.core.domain.SmsLog">
    <id column="id" jdbcType="BIGINT" property="id" />
    <result column="createTime" jdbcType="BIGINT" property="createTime" />
    <result column="updateTime" jdbcType="BIGINT" property="updateTime" />
    <result column="phone" jdbcType="CHAR" property="phone" />
    <result column="content" jdbcType="VARCHAR" property="content" />
    <result column="sendTime" jdbcType="BIGINT" property="sendTime" />
    <result column="month" jdbcType="SMALLINT" property="month" />
  </resultMap>
  <sql id="Base_Column_List">
    id, createTime, updateTime, phone, content, sendTime, month
  </sql>
  <select id="get" parameterType="java.lang.Long" resultMap="BaseResultMap">
    select 
    <include refid="Base_Column_List" />
    from t_sms_log
    where id = #{id,jdbcType=BIGINT}
  </select>
  <delete id="delete" parameterType="java.lang.Long">
    delete from t_sms_log
    where id = #{id,jdbcType=BIGINT}
  </delete>
  <insert id="save" parameterType="cn.itsource.aigou.core.domain.SmsLog">
    <selectKey keyProperty="id" order="AFTER" resultType="java.lang.Long">
      SELECT LAST_INSERT_ID()
    </selectKey>
    insert into t_sms_log (createTime, updateTime, phone, 
      content, sendTime, month
      )
    values (#{createTime,jdbcType=BIGINT}, #{updateTime,jdbcType=BIGINT}, #{phone,jdbcType=CHAR}, 
      #{content,jdbcType=VARCHAR}, #{sendTime,jdbcType=BIGINT}, #{month,jdbcType=SMALLINT}
      )
  </insert>
  <insert id="savePart" parameterType="cn.itsource.aigou.core.domain.SmsLog">
    <selectKey keyProperty="id" order="AFTER" resultType="java.lang.Long">
      SELECT LAST_INSERT_ID()
    </selectKey>
    insert into t_sms_log
    <trim prefix="(" suffix=")" suffixOverrides=",">
      <if test="createTime != null">
        createTime,
      </if>
      <if test="updateTime != null">
        updateTime,
      </if>
      <if test="phone != null">
        phone,
      </if>
      <if test="content != null">
        content,
      </if>
      <if test="sendTime != null">
        sendTime,
      </if>
      <if test="month != null">
        month,
      </if>
    </trim>
    <trim prefix="values (" suffix=")" suffixOverrides=",">
      <if test="createTime != null">
        #{createTime,jdbcType=BIGINT},
      </if>
      <if test="updateTime != null">
        #{updateTime,jdbcType=BIGINT},
      </if>
      <if test="phone != null">
        #{phone,jdbcType=CHAR},
      </if>
      <if test="content != null">
        #{content,jdbcType=VARCHAR},
      </if>
      <if test="sendTime != null">
        #{sendTime,jdbcType=BIGINT},
      </if>
      <if test="month != null">
        #{month,jdbcType=SMALLINT},
      </if>
    </trim>
  </insert>
  <update id="updatePart" parameterType="cn.itsource.aigou.core.domain.SmsLog">
    update t_sms_log
    <set>
      <if test="createTime != null">
        createTime = #{createTime,jdbcType=BIGINT},
      </if>
      <if test="updateTime != null">
        updateTime = #{updateTime,jdbcType=BIGINT},
      </if>
      <if test="phone != null">
        phone = #{phone,jdbcType=CHAR},
      </if>
      <if test="content != null">
        content = #{content,jdbcType=VARCHAR},
      </if>
      <if test="sendTime != null">
        sendTime = #{sendTime,jdbcType=BIGINT},
      </if>
      <if test="month != null">
        month = #{month,jdbcType=SMALLINT},
      </if>
    </set>
    where id = #{id,jdbcType=BIGINT}
  </update>
  <update id="update" parameterType="cn.itsource.aigou.core.domain.SmsLog">
    update t_sms_log
    set createTime = #{createTime,jdbcType=BIGINT},
      updateTime = #{updateTime,jdbcType=BIGINT},
      phone = #{phone,jdbcType=CHAR},
      content = #{content,jdbcType=VARCHAR},
      sendTime = #{sendTime,jdbcType=BIGINT},
      month = #{month,jdbcType=SMALLINT}
    where id = #{id,jdbcType=BIGINT}
  </update>
</mapper>