<?xml version="1.0" encoding="UTF-8"?>
<!DOCTYPE mapper PUBLIC "-//mybatis.org//DTD Mapper 3.0//EN" "http://mybatis.org/dtd/mybatis-3-mapper.dtd">
<mapper namespace="cn.itsource.aigou.core.mapper.SsoMapper">
  <resultMap id="BaseResultMap" type="cn.itsource.aigou.core.domain.Sso">
    <id column="id" jdbcType="BIGINT" property="id" />
    <result column="createTime" jdbcType="BIGINT" property="createTime" />
    <result column="updateTime" jdbcType="BIGINT" property="updateTime" />
    <result column="thirdUid" jdbcType="VARCHAR" property="thirdUid" />
    <result column="phone" jdbcType="VARCHAR" property="phone" />
    <result column="email" jdbcType="VARCHAR" property="email" />
    <result column="password" jdbcType="CHAR" property="password" />
    <result column="avatar" jdbcType="VARCHAR" property="avatar" />
    <result column="salt" jdbcType="CHAR" property="salt" />
    <result column="nickName" jdbcType="VARCHAR" property="nickName" />
    <result column="bitState" jdbcType="BIGINT" property="bitState" />
    <result column="secLevel" jdbcType="TINYINT" property="secLevel" />
  </resultMap>
  <sql id="Base_Column_List">
    id, createTime, updateTime, thirdUid, phone, email, password, avatar, salt, nickName, 
    bitState, secLevel
  </sql>
  <select id="get" parameterType="java.lang.Long" resultMap="BaseResultMap">
    select 
    <include refid="Base_Column_List" />
    from t_sso
    where id = #{id,jdbcType=BIGINT}
  </select>
  <delete id="delete" parameterType="java.lang.Long">
    delete from t_sso
    where id = #{id,jdbcType=BIGINT}
  </delete>
  <insert id="save" parameterType="cn.itsource.aigou.core.domain.Sso">
    <selectKey keyProperty="id" order="AFTER" resultType="java.lang.Long">
      SELECT LAST_INSERT_ID()
    </selectKey>
    insert into t_sso (createTime, updateTime, thirdUid, 
      phone, email, password, 
      avatar, salt, nickName, 
      bitState, secLevel)
    values (#{createTime,jdbcType=BIGINT}, #{updateTime,jdbcType=BIGINT}, #{thirdUid,jdbcType=VARCHAR}, 
      #{phone,jdbcType=VARCHAR}, #{email,jdbcType=VARCHAR}, #{password,jdbcType=CHAR}, 
      #{avatar,jdbcType=VARCHAR}, #{salt,jdbcType=CHAR}, #{nickName,jdbcType=VARCHAR}, 
      #{bitState,jdbcType=BIGINT}, #{secLevel,jdbcType=TINYINT})
  </insert>
  <insert id="savePart" parameterType="cn.itsource.aigou.core.domain.Sso">
    <selectKey keyProperty="id" order="AFTER" resultType="java.lang.Long">
      SELECT LAST_INSERT_ID()
    </selectKey>
    insert into t_sso
    <trim prefix="(" suffix=")" suffixOverrides=",">
      <if test="createTime != null">
        createTime,
      </if>
      <if test="updateTime != null">
        updateTime,
      </if>
      <if test="thirdUid != null">
        thirdUid,
      </if>
      <if test="phone != null">
        phone,
      </if>
      <if test="email != null">
        email,
      </if>
      <if test="password != null">
        password,
      </if>
      <if test="avatar != null">
        avatar,
      </if>
      <if test="salt != null">
        salt,
      </if>
      <if test="nickName != null">
        nickName,
      </if>
      <if test="bitState != null">
        bitState,
      </if>
      <if test="secLevel != null">
        secLevel,
      </if>
    </trim>
    <trim prefix="values (" suffix=")" suffixOverrides=",">
      <if test="createTime != null">
        #{createTime,jdbcType=BIGINT},
      </if>
      <if test="updateTime != null">
        #{updateTime,jdbcType=BIGINT},
      </if>
      <if test="thirdUid != null">
        #{thirdUid,jdbcType=VARCHAR},
      </if>
      <if test="phone != null">
        #{phone,jdbcType=VARCHAR},
      </if>
      <if test="email != null">
        #{email,jdbcType=VARCHAR},
      </if>
      <if test="password != null">
        #{password,jdbcType=CHAR},
      </if>
      <if test="avatar != null">
        #{avatar,jdbcType=VARCHAR},
      </if>
      <if test="salt != null">
        #{salt,jdbcType=CHAR},
      </if>
      <if test="nickName != null">
        #{nickName,jdbcType=VARCHAR},
      </if>
      <if test="bitState != null">
        #{bitState,jdbcType=BIGINT},
      </if>
      <if test="secLevel != null">
        #{secLevel,jdbcType=TINYINT},
      </if>
    </trim>
  </insert>
  <update id="updatePart" parameterType="cn.itsource.aigou.core.domain.Sso">
    update t_sso
    <set>
      <if test="createTime != null">
        createTime = #{createTime,jdbcType=BIGINT},
      </if>
      <if test="updateTime != null">
        updateTime = #{updateTime,jdbcType=BIGINT},
      </if>
      <if test="thirdUid != null">
        thirdUid = #{thirdUid,jdbcType=VARCHAR},
      </if>
      <if test="phone != null">
        phone = #{phone,jdbcType=VARCHAR},
      </if>
      <if test="email != null">
        email = #{email,jdbcType=VARCHAR},
      </if>
      <if test="password != null">
        password = #{password,jdbcType=CHAR},
      </if>
      <if test="avatar != null">
        avatar = #{avatar,jdbcType=VARCHAR},
      </if>
      <if test="salt != null">
        salt = #{salt,jdbcType=CHAR},
      </if>
      <if test="nickName != null">
        nickName = #{nickName,jdbcType=VARCHAR},
      </if>
      <if test="bitState != null">
        bitState = #{bitState,jdbcType=BIGINT},
      </if>
      <if test="secLevel != null">
        secLevel = #{secLevel,jdbcType=TINYINT},
      </if>
    </set>
    where id = #{id,jdbcType=BIGINT}
  </update>
  <update id="update" parameterType="cn.itsource.aigou.core.domain.Sso">
    update t_sso
    set createTime = #{createTime,jdbcType=BIGINT},
      updateTime = #{updateTime,jdbcType=BIGINT},
      thirdUid = #{thirdUid,jdbcType=VARCHAR},
      phone = #{phone,jdbcType=VARCHAR},
      email = #{email,jdbcType=VARCHAR},
      password = #{password,jdbcType=CHAR},
      avatar = #{avatar,jdbcType=VARCHAR},
      salt = #{salt,jdbcType=CHAR},
      nickName = #{nickName,jdbcType=VARCHAR},
      bitState = #{bitState,jdbcType=BIGINT},
      secLevel = #{secLevel,jdbcType=TINYINT}
    where id = #{id,jdbcType=BIGINT}
  </update>
  
  <select id="getSsoByPhone" parameterType="java.lang.String" resultMap="BaseResultMap">
  	select * from t_sso where phone = #{phone}
  </select>
</mapper>