<?xml version="1.0" encoding="UTF-8"?>
<!DOCTYPE mapper PUBLIC "-//mybatis.org//DTD Mapper 3.0//EN" "http://mybatis.org/dtd/mybatis-3-mapper.dtd">
<mapper namespace="cn.itsource.aigou.core.mapper.VipGrowLogMapper">
  <resultMap id="BaseResultMap" type="cn.itsource.aigou.core.domain.VipGrowLog">
    <id column="id" jdbcType="BIGINT" property="id" />
    <result column="createTime" jdbcType="BIGINT" property="createTime" />
    <result column="ssoId" jdbcType="BIGINT" property="ssoId" />
    <result column="fromReason" jdbcType="VARCHAR" property="fromReason" />
    <result column="score" jdbcType="INTEGER" property="score" />
    <result column="remark" jdbcType="VARCHAR" property="remark" />
  </resultMap>
  <sql id="Base_Column_List">
    id, createTime, ssoId, fromReason, score, remark
  </sql>
  <select id="get" parameterType="java.lang.Long" resultMap="BaseResultMap">
    select 
    <include refid="Base_Column_List" />
    from t_vip_grow_log
    where id = #{id,jdbcType=BIGINT}
  </select>
  <delete id="delete" parameterType="java.lang.Long">
    delete from t_vip_grow_log
    where id = #{id,jdbcType=BIGINT}
  </delete>
  <insert id="save" parameterType="cn.itsource.aigou.core.domain.VipGrowLog">
    <selectKey keyProperty="id" order="AFTER" resultType="java.lang.Long">
      SELECT LAST_INSERT_ID()
    </selectKey>
    insert into t_vip_grow_log (createTime, ssoId, fromReason, 
      score, remark)
    values (#{createTime,jdbcType=BIGINT}, #{ssoId,jdbcType=BIGINT}, #{fromReason,jdbcType=VARCHAR}, 
      #{score,jdbcType=INTEGER}, #{remark,jdbcType=VARCHAR})
  </insert>
  <insert id="savePart" parameterType="cn.itsource.aigou.core.domain.VipGrowLog">
    <selectKey keyProperty="id" order="AFTER" resultType="java.lang.Long">
      SELECT LAST_INSERT_ID()
    </selectKey>
    insert into t_vip_grow_log
    <trim prefix="(" suffix=")" suffixOverrides=",">
      <if test="createTime != null">
        createTime,
      </if>
      <if test="ssoId != null">
        ssoId,
      </if>
      <if test="fromReason != null">
        fromReason,
      </if>
      <if test="score != null">
        score,
      </if>
      <if test="remark != null">
        remark,
      </if>
    </trim>
    <trim prefix="values (" suffix=")" suffixOverrides=",">
      <if test="createTime != null">
        #{createTime,jdbcType=BIGINT},
      </if>
      <if test="ssoId != null">
        #{ssoId,jdbcType=BIGINT},
      </if>
      <if test="fromReason != null">
        #{fromReason,jdbcType=VARCHAR},
      </if>
      <if test="score != null">
        #{score,jdbcType=INTEGER},
      </if>
      <if test="remark != null">
        #{remark,jdbcType=VARCHAR},
      </if>
    </trim>
  </insert>
  <update id="updatePart" parameterType="cn.itsource.aigou.core.domain.VipGrowLog">
    update t_vip_grow_log
    <set>
      <if test="createTime != null">
        createTime = #{createTime,jdbcType=BIGINT},
      </if>
      <if test="ssoId != null">
        ssoId = #{ssoId,jdbcType=BIGINT},
      </if>
      <if test="fromReason != null">
        fromReason = #{fromReason,jdbcType=VARCHAR},
      </if>
      <if test="score != null">
        score = #{score,jdbcType=INTEGER},
      </if>
      <if test="remark != null">
        remark = #{remark,jdbcType=VARCHAR},
      </if>
    </set>
    where id = #{id,jdbcType=BIGINT}
  </update>
  <update id="update" parameterType="cn.itsource.aigou.core.domain.VipGrowLog">
    update t_vip_grow_log
    set createTime = #{createTime,jdbcType=BIGINT},
      ssoId = #{ssoId,jdbcType=BIGINT},
      fromReason = #{fromReason,jdbcType=VARCHAR},
      score = #{score,jdbcType=INTEGER},
      remark = #{remark,jdbcType=VARCHAR}
    where id = #{id,jdbcType=BIGINT}
  </update>
</mapper>