<?xml version="1.0" encoding="UTF-8"?>
<!DOCTYPE mapper PUBLIC "-//mybatis.org//DTD Mapper 3.0//EN" "http://mybatis.org/dtd/mybatis-3-mapper.dtd">
<mapper namespace="cn.itsource.aigou.core.mapper.VipLoginLogMapper">
  <resultMap id="BaseResultMap" type="cn.itsource.aigou.core.domain.VipLoginLog">
    <id column="id" jdbcType="BIGINT" property="id" />
    <result column="createTime" jdbcType="BIGINT" property="createTime" />
    <result column="ssoId" jdbcType="BIGINT" property="ssoId" />
    <result column="ip" jdbcType="VARCHAR" property="ip" />
    <result column="clientInfo" jdbcType="VARCHAR" property="clientInfo" />
    <result column="loginType" jdbcType="TINYINT" property="loginType" />
    <result column="success" jdbcType="TINYINT" property="success" />
    <result column="remark" jdbcType="VARCHAR" property="remark" />
  </resultMap>
  <sql id="Base_Column_List">
    id, createTime, ssoId, ip, clientInfo, loginType, success, remark
  </sql>
  <select id="get" parameterType="java.lang.Long" resultMap="BaseResultMap">
    select 
    <include refid="Base_Column_List" />
    from t_vip_login_log
    where id = #{id,jdbcType=BIGINT}
  </select>
  <delete id="delete" parameterType="java.lang.Long">
    delete from t_vip_login_log
    where id = #{id,jdbcType=BIGINT}
  </delete>
  <insert id="save" parameterType="cn.itsource.aigou.core.domain.VipLoginLog">
    <selectKey keyProperty="id" order="AFTER" resultType="java.lang.Long">
      SELECT LAST_INSERT_ID()
    </selectKey>
    insert into t_vip_login_log (createTime, ssoId, ip, 
      clientInfo, loginType, success, 
      remark)
    values (#{createTime,jdbcType=BIGINT}, #{ssoId,jdbcType=BIGINT}, #{ip,jdbcType=VARCHAR}, 
      #{clientInfo,jdbcType=VARCHAR}, #{loginType,jdbcType=TINYINT}, #{success,jdbcType=TINYINT}, 
      #{remark,jdbcType=VARCHAR})
  </insert>
  <insert id="savePart" parameterType="cn.itsource.aigou.core.domain.VipLoginLog">
    <selectKey keyProperty="id" order="AFTER" resultType="java.lang.Long">
      SELECT LAST_INSERT_ID()
    </selectKey>
    insert into t_vip_login_log
    <trim prefix="(" suffix=")" suffixOverrides=",">
      <if test="createTime != null">
        createTime,
      </if>
      <if test="ssoId != null">
        ssoId,
      </if>
      <if test="ip != null">
        ip,
      </if>
      <if test="clientInfo != null">
        clientInfo,
      </if>
      <if test="loginType != null">
        loginType,
      </if>
      <if test="success != null">
        success,
      </if>
      <if test="remark != null">
        remark,
      </if>
    </trim>
    <trim prefix="values (" suffix=")" suffixOverrides=",">
      <if test="createTime != null">
        #{createTime,jdbcType=BIGINT},
      </if>
      <if test="ssoId != null">
        #{ssoId,jdbcType=BIGINT},
      </if>
      <if test="ip != null">
        #{ip,jdbcType=VARCHAR},
      </if>
      <if test="clientInfo != null">
        #{clientInfo,jdbcType=VARCHAR},
      </if>
      <if test="loginType != null">
        #{loginType,jdbcType=TINYINT},
      </if>
      <if test="success != null">
        #{success,jdbcType=TINYINT},
      </if>
      <if test="remark != null">
        #{remark,jdbcType=VARCHAR},
      </if>
    </trim>
  </insert>
  <update id="updatePart" parameterType="cn.itsource.aigou.core.domain.VipLoginLog">
    update t_vip_login_log
    <set>
      <if test="createTime != null">
        createTime = #{createTime,jdbcType=BIGINT},
      </if>
      <if test="ssoId != null">
        ssoId = #{ssoId,jdbcType=BIGINT},
      </if>
      <if test="ip != null">
        ip = #{ip,jdbcType=VARCHAR},
      </if>
      <if test="clientInfo != null">
        clientInfo = #{clientInfo,jdbcType=VARCHAR},
      </if>
      <if test="loginType != null">
        loginType = #{loginType,jdbcType=TINYINT},
      </if>
      <if test="success != null">
        success = #{success,jdbcType=TINYINT},
      </if>
      <if test="remark != null">
        remark = #{remark,jdbcType=VARCHAR},
      </if>
    </set>
    where id = #{id,jdbcType=BIGINT}
  </update>
  <update id="update" parameterType="cn.itsource.aigou.core.domain.VipLoginLog">
    update t_vip_login_log
    set createTime = #{createTime,jdbcType=BIGINT},
      ssoId = #{ssoId,jdbcType=BIGINT},
      ip = #{ip,jdbcType=VARCHAR},
      clientInfo = #{clientInfo,jdbcType=VARCHAR},
      loginType = #{loginType,jdbcType=TINYINT},
      success = #{success,jdbcType=TINYINT},
      remark = #{remark,jdbcType=VARCHAR}
    where id = #{id,jdbcType=BIGINT}
  </update>
</mapper>