<?xml version="1.0" encoding="UTF-8"?>
<!DOCTYPE mapper PUBLIC "-//mybatis.org//DTD Mapper 3.0//EN" "http://mybatis.org/dtd/mybatis-3-mapper.dtd">
<mapper namespace="cn.itsource.aigou.core.mapper.VipMsgMapper">
  <resultMap id="BaseResultMap" type="cn.itsource.aigou.core.domain.VipMsg">
    <id column="id" jdbcType="BIGINT" property="id" />
    <result column="createTime" jdbcType="BIGINT" property="createTime" />
    <result column="updateTime" jdbcType="BIGINT" property="updateTime" />
    <result column="ssoId" jdbcType="BIGINT" property="ssoId" />
    <result column="title" jdbcType="VARCHAR" property="title" />
    <result column="content" jdbcType="VARCHAR" property="content" />
  </resultMap>
  <sql id="Base_Column_List">
    id, createTime, updateTime, ssoId, title, content
  </sql>
  <select id="get" parameterType="java.lang.Long" resultMap="BaseResultMap">
    select 
    <include refid="Base_Column_List" />
    from t_vip_msg
    where id = #{id,jdbcType=BIGINT}
  </select>
  <delete id="delete" parameterType="java.lang.Long">
    delete from t_vip_msg
    where id = #{id,jdbcType=BIGINT}
  </delete>
  <insert id="save" parameterType="cn.itsource.aigou.core.domain.VipMsg">
    <selectKey keyProperty="id" order="AFTER" resultType="java.lang.Long">
      SELECT LAST_INSERT_ID()
    </selectKey>
    insert into t_vip_msg (createTime, updateTime, ssoId, 
      title, content)
    values (#{createTime,jdbcType=BIGINT}, #{updateTime,jdbcType=BIGINT}, #{ssoId,jdbcType=BIGINT}, 
      #{title,jdbcType=VARCHAR}, #{content,jdbcType=VARCHAR})
  </insert>
  <insert id="savePart" parameterType="cn.itsource.aigou.core.domain.VipMsg">
    <selectKey keyProperty="id" order="AFTER" resultType="java.lang.Long">
      SELECT LAST_INSERT_ID()
    </selectKey>
    insert into t_vip_msg
    <trim prefix="(" suffix=")" suffixOverrides=",">
      <if test="createTime != null">
        createTime,
      </if>
      <if test="updateTime != null">
        updateTime,
      </if>
      <if test="ssoId != null">
        ssoId,
      </if>
      <if test="title != null">
        title,
      </if>
      <if test="content != null">
        content,
      </if>
    </trim>
    <trim prefix="values (" suffix=")" suffixOverrides=",">
      <if test="createTime != null">
        #{createTime,jdbcType=BIGINT},
      </if>
      <if test="updateTime != null">
        #{updateTime,jdbcType=BIGINT},
      </if>
      <if test="ssoId != null">
        #{ssoId,jdbcType=BIGINT},
      </if>
      <if test="title != null">
        #{title,jdbcType=VARCHAR},
      </if>
      <if test="content != null">
        #{content,jdbcType=VARCHAR},
      </if>
    </trim>
  </insert>
  <update id="updatePart" parameterType="cn.itsource.aigou.core.domain.VipMsg">
    update t_vip_msg
    <set>
      <if test="createTime != null">
        createTime = #{createTime,jdbcType=BIGINT},
      </if>
      <if test="updateTime != null">
        updateTime = #{updateTime,jdbcType=BIGINT},
      </if>
      <if test="ssoId != null">
        ssoId = #{ssoId,jdbcType=BIGINT},
      </if>
      <if test="title != null">
        title = #{title,jdbcType=VARCHAR},
      </if>
      <if test="content != null">
        content = #{content,jdbcType=VARCHAR},
      </if>
    </set>
    where id = #{id,jdbcType=BIGINT}
  </update>
  <update id="update" parameterType="cn.itsource.aigou.core.domain.VipMsg">
    update t_vip_msg
    set createTime = #{createTime,jdbcType=BIGINT},
      updateTime = #{updateTime,jdbcType=BIGINT},
      ssoId = #{ssoId,jdbcType=BIGINT},
      title = #{title,jdbcType=VARCHAR},
      content = #{content,jdbcType=VARCHAR}
    where id = #{id,jdbcType=BIGINT}
  </update>
</mapper>