<?xml version="1.0" encoding="UTF-8"?>
<!DOCTYPE mapper PUBLIC "-//mybatis.org//DTD Mapper 3.0//EN" "http://mybatis.org/dtd/mybatis-3-mapper.dtd">
<mapper namespace="cn.itsource.aigou.core.mapper.VipRealinfoMapper">
  <resultMap id="BaseResultMap" type="cn.itsource.aigou.core.domain.VipRealinfo">
    <id column="id" jdbcType="BIGINT" property="id" />
    <result column="createTime" jdbcType="BIGINT" property="createTime" />
    <result column="updateTime" jdbcType="BIGINT" property="updateTime" />
    <result column="ssoId" jdbcType="BIGINT" property="ssoId" />
    <result column="realName" jdbcType="VARCHAR" property="realName" />
    <result column="idCardNo" jdbcType="VARCHAR" property="idCardNo" />
    <result column="idCardFront" jdbcType="VARCHAR" property="idCardFront" />
    <result column="idCardBack" jdbcType="VARCHAR" property="idCardBack" />
    <result column="idCardHand" jdbcType="VARCHAR" property="idCardHand" />
    <result column="state" jdbcType="TINYINT" property="state" />
    <result column="applyTime" jdbcType="BIGINT" property="applyTime" />
    <result column="auditTime" jdbcType="BIGINT" property="auditTime" />
    <result column="auditUser" jdbcType="VARCHAR" property="auditUser" />
    <result column="remark" jdbcType="VARCHAR" property="remark" />
  </resultMap>
  <sql id="Base_Column_List">
    id, createTime, updateTime, ssoId, realName, idCardNo, idCardFront, idCardBack, idCardHand, 
    state, applyTime, auditTime, auditUser, remark
  </sql>
  <select id="get" parameterType="java.lang.Long" resultMap="BaseResultMap">
    select 
    <include refid="Base_Column_List" />
    from t_vip_realinfo
    where id = #{id,jdbcType=BIGINT}
  </select>
  <delete id="delete" parameterType="java.lang.Long">
    delete from t_vip_realinfo
    where id = #{id,jdbcType=BIGINT}
  </delete>
  <insert id="save" parameterType="cn.itsource.aigou.core.domain.VipRealinfo">
    <selectKey keyProperty="id" order="AFTER" resultType="java.lang.Long">
      SELECT LAST_INSERT_ID()
    </selectKey>
    insert into t_vip_realinfo (createTime, updateTime, ssoId, 
      realName, idCardNo, idCardFront, 
      idCardBack, idCardHand, state, 
      applyTime, auditTime, auditUser, 
      remark)
    values (#{createTime,jdbcType=BIGINT}, #{updateTime,jdbcType=BIGINT}, #{ssoId,jdbcType=BIGINT}, 
      #{realName,jdbcType=VARCHAR}, #{idCardNo,jdbcType=VARCHAR}, #{idCardFront,jdbcType=VARCHAR}, 
      #{idCardBack,jdbcType=VARCHAR}, #{idCardHand,jdbcType=VARCHAR}, #{state,jdbcType=TINYINT}, 
      #{applyTime,jdbcType=BIGINT}, #{auditTime,jdbcType=BIGINT}, #{auditUser,jdbcType=VARCHAR}, 
      #{remark,jdbcType=VARCHAR})
  </insert>
  <insert id="savePart" parameterType="cn.itsource.aigou.core.domain.VipRealinfo">
    <selectKey keyProperty="id" order="AFTER" resultType="java.lang.Long">
      SELECT LAST_INSERT_ID()
    </selectKey>
    insert into t_vip_realinfo
    <trim prefix="(" suffix=")" suffixOverrides=",">
      <if test="createTime != null">
        createTime,
      </if>
      <if test="updateTime != null">
        updateTime,
      </if>
      <if test="ssoId != null">
        ssoId,
      </if>
      <if test="realName != null">
        realName,
      </if>
      <if test="idCardNo != null">
        idCardNo,
      </if>
      <if test="idCardFront != null">
        idCardFront,
      </if>
      <if test="idCardBack != null">
        idCardBack,
      </if>
      <if test="idCardHand != null">
        idCardHand,
      </if>
      <if test="state != null">
        state,
      </if>
      <if test="applyTime != null">
        applyTime,
      </if>
      <if test="auditTime != null">
        auditTime,
      </if>
      <if test="auditUser != null">
        auditUser,
      </if>
      <if test="remark != null">
        remark,
      </if>
    </trim>
    <trim prefix="values (" suffix=")" suffixOverrides=",">
      <if test="createTime != null">
        #{createTime,jdbcType=BIGINT},
      </if>
      <if test="updateTime != null">
        #{updateTime,jdbcType=BIGINT},
      </if>
      <if test="ssoId != null">
        #{ssoId,jdbcType=BIGINT},
      </if>
      <if test="realName != null">
        #{realName,jdbcType=VARCHAR},
      </if>
      <if test="idCardNo != null">
        #{idCardNo,jdbcType=VARCHAR},
      </if>
      <if test="idCardFront != null">
        #{idCardFront,jdbcType=VARCHAR},
      </if>
      <if test="idCardBack != null">
        #{idCardBack,jdbcType=VARCHAR},
      </if>
      <if test="idCardHand != null">
        #{idCardHand,jdbcType=VARCHAR},
      </if>
      <if test="state != null">
        #{state,jdbcType=TINYINT},
      </if>
      <if test="applyTime != null">
        #{applyTime,jdbcType=BIGINT},
      </if>
      <if test="auditTime != null">
        #{auditTime,jdbcType=BIGINT},
      </if>
      <if test="auditUser != null">
        #{auditUser,jdbcType=VARCHAR},
      </if>
      <if test="remark != null">
        #{remark,jdbcType=VARCHAR},
      </if>
    </trim>
  </insert>
  <update id="updatePart" parameterType="cn.itsource.aigou.core.domain.VipRealinfo">
    update t_vip_realinfo
    <set>
      <if test="createTime != null">
        createTime = #{createTime,jdbcType=BIGINT},
      </if>
      <if test="updateTime != null">
        updateTime = #{updateTime,jdbcType=BIGINT},
      </if>
      <if test="ssoId != null">
        ssoId = #{ssoId,jdbcType=BIGINT},
      </if>
      <if test="realName != null">
        realName = #{realName,jdbcType=VARCHAR},
      </if>
      <if test="idCardNo != null">
        idCardNo = #{idCardNo,jdbcType=VARCHAR},
      </if>
      <if test="idCardFront != null">
        idCardFront = #{idCardFront,jdbcType=VARCHAR},
      </if>
      <if test="idCardBack != null">
        idCardBack = #{idCardBack,jdbcType=VARCHAR},
      </if>
      <if test="idCardHand != null">
        idCardHand = #{idCardHand,jdbcType=VARCHAR},
      </if>
      <if test="state != null">
        state = #{state,jdbcType=TINYINT},
      </if>
      <if test="applyTime != null">
        applyTime = #{applyTime,jdbcType=BIGINT},
      </if>
      <if test="auditTime != null">
        auditTime = #{auditTime,jdbcType=BIGINT},
      </if>
      <if test="auditUser != null">
        auditUser = #{auditUser,jdbcType=VARCHAR},
      </if>
      <if test="remark != null">
        remark = #{remark,jdbcType=VARCHAR},
      </if>
    </set>
    where id = #{id,jdbcType=BIGINT}
  </update>
  <update id="update" parameterType="cn.itsource.aigou.core.domain.VipRealinfo">
    update t_vip_realinfo
    set createTime = #{createTime,jdbcType=BIGINT},
      updateTime = #{updateTime,jdbcType=BIGINT},
      ssoId = #{ssoId,jdbcType=BIGINT},
      realName = #{realName,jdbcType=VARCHAR},
      idCardNo = #{idCardNo,jdbcType=VARCHAR},
      idCardFront = #{idCardFront,jdbcType=VARCHAR},
      idCardBack = #{idCardBack,jdbcType=VARCHAR},
      idCardHand = #{idCardHand,jdbcType=VARCHAR},
      state = #{state,jdbcType=TINYINT},
      applyTime = #{applyTime,jdbcType=BIGINT},
      auditTime = #{auditTime,jdbcType=BIGINT},
      auditUser = #{auditUser,jdbcType=VARCHAR},
      remark = #{remark,jdbcType=VARCHAR}
    where id = #{id,jdbcType=BIGINT}
  </update>
</mapper>